order_id,billed_amount,order_timestamp,refund_amount,is_international,payment_method
ORD_00001,6574.55,2026-09-01T10:00:15Z,0.0,True,upi
ORD_00002,2620.5,2026-09-01T10:00:30Z,0.0,False,netbanking
ORD_00003,8975.71,2026-09-01T10:00:45Z,0.0,True,upi
ORD_00004,783.07,2026-09-01T10:01:00Z,0.0,False,netbanking
ORD_00005,752.09,2026-09-01T10:01:15Z,0.0,False,netbanking
ORD_00006,5676.94,2026-09-01T10:01:30Z,0.0,False,netbanking
ORD_00007,8189.59,2026-09-01T10:01:45Z,0.0,True,card
ORD_00008,4514.84,2026-09-01T10:02:00Z,0.0,False,card
ORD_00009,1471.0,2026-09-01T10:02:15Z,0.0,False,upi
ORD_00010,6235.4,2026-09-01T10:02:30Z,0.0,False,netbanking
ORD_00011,5594.17,2026-09-01T10:02:45Z,0.0,False,upi
ORD_00012,5744.39,2026-09-01T10:03:00Z,0.0,False,netbanking
ORD_00013,5984.85,2026-09-01T10:03:15Z,0.0,False,card
ORD_00014,2665.03,2026-09-01T10:03:30Z,0.0,False,card
ORD_00015,8731.59,2026-09-01T10:03:45Z,0.0,False,upi
ORD_00016,8424.05,2026-09-01T10:04:00Z,0.0,False,upi
ORD_00017,6866.66,2026-09-01T10:04:15Z,0.0,False,netbanking
ORD_00018,1178.32,2026-09-01T10:04:30Z,0.0,False,netbanking
ORD_00019,2825.7,2026-09-01T10:04:45Z,0.0,False,upi
ORD_00020,7037.54,2026-09-01T10:05:00Z,0.0,False,upi
ORD_00021,2675.96,2026-09-01T10:05:15Z,0.0,True,upi
ORD_00022,3043.54,2026-09-01T10:05:30Z,0.0,False,netbanking
ORD_00023,3489.44,2026-09-01T10:05:45Z,0.0,False,upi
ORD_00024,4859.09,2026-09-01T10:06:00Z,0.0,False,card
ORD_00025,5833.0,2026-09-01T10:06:15Z,0.0,False,netbanking
ORD_00026,9029.32,2026-09-01T10:06:30Z,0.0,False,card
ORD_00027,5340.5,2026-09-01T10:06:45Z,0.0,True,card
ORD_00028,1951.99,2026-09-01T10:07:00Z,0.0,False,netbanking
ORD_00029,6165.89,2026-09-01T10:07:15Z,0.0,False,netbanking
ORD_00030,5526.59,2026-09-01T10:07:30Z,0.0,False,card
ORD_00031,7346.86,2026-09-01T10:07:45Z,0.0,False,netbanking
ORD_00032,7801.69,2026-09-01T10:08:00Z,0.0,False,upi
ORD_00033,2002.5,2026-09-01T10:08:15Z,0.0,True,netbanking
ORD_00034,3002.2,2026-09-01T10:08:30Z,0.0,False,card
ORD_00035,9169.96,2026-09-01T10:08:45Z,0.0,False,upi
ORD_00036,5322.8,2026-09-01T10:09:00Z,0.0,False,upi
ORD_00037,5624.1,2026-09-01T10:09:15Z,0.0,False,netbanking
ORD_00038,6189.97,2026-09-01T10:09:30Z,0.0,False,card
ORD_00039,8847.86,2026-09-01T10:09:45Z,0.0,False,upi
ORD_00040,1050.29,2026-09-01T10:10:00Z,0.0,False,card
ORD_00041,7453.12,2026-09-01T10:10:15Z,0.0,False,netbanking
ORD_00042,1719.72,2026-09-01T10:10:30Z,0.0,False,netbanking
ORD_00043,3018.04,2026-09-01T10:10:45Z,0.0,False,upi
ORD_00044,9324.68,2026-09-01T10:11:00Z,0.0,False,netbanking
ORD_00045,7273.02,2026-09-01T10:11:15Z,0.0,False,netbanking
ORD_00046,4047.49,2026-09-01T10:11:30Z,0.0,False,upi
ORD_00047,2855.1,2026-09-01T10:11:45Z,0.0,True,card
ORD_00048,5762.25,2026-09-01T10:12:00Z,0.0,False,card
ORD_00049,7224.49,2026-09-01T10:12:15Z,0.0,True,card
ORD_00050,8666.54,2026-09-01T10:12:30Z,0.0,True,card
ORD_00051,6855.29,2026-09-01T10:12:45Z,0.0,False,card
ORD_00052,9387.39,2026-09-01T10:13:00Z,0.0,False,upi
ORD_00053,7953.88,2026-09-01T10:13:15Z,0.0,False,card
ORD_00054,1420.84,2026-09-01T10:13:30Z,0.0,False,upi
ORD_00055,4936.73,2026-09-01T10:13:45Z,0.0,False,netbanking
ORD_00056,9849.57,2026-09-01T10:14:00Z,0.0,True,upi
ORD_00057,3723.37,2026-09-01T10:14:15Z,0.0,False,card
ORD_00058,2306.98,2026-09-01T10:14:30Z,0.0,False,upi
ORD_00059,3146.18,2026-09-01T10:14:45Z,0.0,False,card
ORD_00060,8176.21,2026-09-01T10:15:00Z,0.0,False,card
ORD_00061,6695.38,2026-09-01T10:15:15Z,0.0,False,card
ORD_00062,9300.49,2026-09-01T10:15:30Z,0.0,False,card
ORD_00063,5113.59,2026-09-01T10:15:45Z,0.0,False,upi
ORD_00064,2064.05,2026-09-01T10:16:00Z,0.0,True,upi
ORD_00065,9301.92,2026-09-01T10:16:15Z,0.0,False,upi
ORD_00066,7117.62,2026-09-01T10:16:30Z,0.0,False,netbanking
ORD_00067,7324.88,2026-09-01T10:16:45Z,0.0,False,upi
ORD_00068,9702.74,2026-09-01T10:17:00Z,0.0,False,netbanking
ORD_00069,7605.77,2026-09-01T10:17:15Z,0.0,True,netbanking
ORD_00070,5277.08,2026-09-01T10:17:30Z,0.0,False,card
ORD_00071,9627.4,2026-09-01T10:17:45Z,0.0,True,card
ORD_00072,6152.83,2026-09-01T10:18:00Z,0.0,False,card
ORD_00073,1638.92,2026-09-01T10:18:15Z,0.0,False,card
ORD_00074,6147.93,2026-09-01T10:18:30Z,0.0,False,upi
ORD_00075,6044.89,2026-09-01T10:18:45Z,0.0,False,upi
ORD_00076,6862.4,2026-09-01T10:19:00Z,0.0,False,upi
ORD_00077,1743.34,2026-09-01T10:19:15Z,0.0,False,upi
ORD_00078,9325.67,2026-09-01T10:19:30Z,0.0,False,card
ORD_00079,6401.01,2026-09-01T10:19:45Z,0.0,False,card
ORD_00080,5607.53,2026-09-01T10:20:00Z,0.0,False,card
ORD_00081,8868.21,2026-09-01T10:20:15Z,0.0,False,upi
ORD_00082,1998.59,2026-09-01T10:20:30Z,0.0,False,netbanking
ORD_00083,6310.94,2026-09-01T10:20:45Z,0.0,False,netbanking
ORD_00084,574.32,2026-09-01T10:21:00Z,0.0,False,upi
ORD_00085,1484.07,2026-09-01T10:21:15Z,0.0,False,upi
ORD_00086,8952.27,2026-09-01T10:21:30Z,0.0,False,card
ORD_00087,3176.68,2026-09-01T10:21:45Z,0.0,False,upi
ORD_00088,7031.22,2026-09-01T10:22:00Z,0.0,False,netbanking
ORD_00089,2885.65,2026-09-01T10:22:15Z,0.0,False,card
ORD_00090,6525.7,2026-09-01T10:22:30Z,0.0,False,card
ORD_00091,3668.79,2026-09-01T10:22:45Z,0.0,True,upi
ORD_00092,7541.69,2026-09-01T10:23:00Z,0.0,False,upi
ORD_00093,591.86,2026-09-01T10:23:15Z,0.0,True,netbanking
ORD_00094,5683.11,2026-09-01T10:23:30Z,0.0,False,netbanking
ORD_00095,1906.89,2026-09-01T10:23:45Z,0.0,True,upi
ORD_00096,9040.32,2026-09-01T10:24:00Z,0.0,False,card
ORD_00097,2495.73,2026-09-01T10:24:15Z,0.0,False,card
ORD_00098,7911.1,2026-09-01T10:24:30Z,0.0,False,upi
ORD_00099,7620.04,2026-09-01T10:24:45Z,0.0,False,card
ORD_00100,9773.96,2026-09-01T10:25:00Z,0.0,False,upi
ORD_00101,2203.93,2026-09-01T10:25:15Z,0.0,False,upi
ORD_00102,8708.61,2026-09-01T10:25:30Z,0.0,False,upi
ORD_00103,7980.06,2026-09-01T10:25:45Z,0.0,True,card
ORD_00104,2613.12,2026-09-01T10:26:00Z,0.0,False,upi
ORD_00105,3399.31,2026-09-01T10:26:15Z,0.0,False,card
ORD_00106,724.81,2026-09-01T10:26:30Z,0.0,False,upi
ORD_00107,8711.35,2026-09-01T10:26:45Z,0.0,False,upi
ORD_00108,6594.08,2026-09-01T10:27:00Z,0.0,False,netbanking
ORD_00109,9422.75,2026-09-01T10:27:15Z,0.0,True,upi
ORD_00110,6015.6,2026-09-01T10:27:30Z,0.0,False,card
ORD_00111,6167.43,2026-09-01T10:27:45Z,0.0,False,upi
ORD_00112,6258.98,2026-09-01T10:28:00Z,0.0,False,upi
ORD_00113,2305.75,2026-09-01T10:28:15Z,0.0,True,upi
ORD_00114,5439.24,2026-09-01T10:28:30Z,0.0,False,netbanking
ORD_00115,9432.5,2026-09-01T10:28:45Z,0.0,False,card
ORD_00116,4597.33,2026-09-01T10:29:00Z,0.0,False,upi
ORD_00117,3482.2,2026-09-01T10:29:15Z,0.0,False,netbanking
ORD_00118,5317.66,2026-09-01T10:29:30Z,0.0,False,upi
ORD_00119,7123.48,2026-09-01T10:29:45Z,0.0,False,card
ORD_00120,6816.83,2026-09-01T10:30:00Z,0.0,False,netbanking
ORD_00121,6347.39,2026-09-01T10:30:15Z,0.0,False,netbanking
ORD_00122,3386.81,2026-09-01T10:30:30Z,0.0,False,netbanking
ORD_00123,6719.7,2026-09-01T10:30:45Z,0.0,False,upi
ORD_00124,2530.16,2026-09-01T10:31:00Z,0.0,False,netbanking
ORD_00125,6759.08,2026-09-01T10:31:15Z,0.0,False,netbanking
ORD_00126,6382.98,2026-09-01T10:31:30Z,0.0,True,card
ORD_00127,3448.98,2026-09-01T10:31:45Z,0.0,False,card
ORD_00128,939.03,2026-09-01T10:32:00Z,0.0,False,netbanking
ORD_00129,4826.45,2026-09-01T10:32:15Z,0.0,False,netbanking
ORD_00130,7324.29,2026-09-01T10:32:30Z,0.0,False,upi
ORD_00131,1901.93,2026-09-01T10:32:45Z,0.0,False,card
ORD_00132,2578.99,2026-09-01T10:33:00Z,0.0,False,netbanking
ORD_00133,4913.22,2026-09-01T10:33:15Z,0.0,False,card
ORD_00134,1766.72,2026-09-01T10:33:30Z,0.0,False,netbanking
ORD_00135,6156.8,2026-09-01T10:33:45Z,0.0,False,upi
ORD_00136,8242.56,2026-09-01T10:34:00Z,0.0,False,upi
ORD_00137,4736.18,2026-09-01T10:34:15Z,0.0,False,upi
ORD_00138,2962.32,2026-09-01T10:34:30Z,0.0,False,netbanking
ORD_00139,7775.23,2026-09-01T10:34:45Z,0.0,False,netbanking
ORD_00140,3108.68,2026-09-01T10:35:00Z,0.0,True,upi
ORD_00141,3081.29,2026-09-01T10:35:15Z,0.0,False,netbanking
ORD_00142,1814.55,2026-09-01T10:35:30Z,0.0,False,netbanking
ORD_00143,7210.98,2026-09-01T10:35:45Z,0.0,True,upi
ORD_00144,5654.81,2026-09-01T10:36:00Z,0.0,False,card
ORD_00145,4200.03,2026-09-01T10:36:15Z,0.0,False,netbanking
ORD_00146,8638.95,2026-09-01T10:36:30Z,0.0,False,upi
ORD_00147,556.01,2026-09-01T10:36:45Z,0.0,False,upi
ORD_00148,5613.1,2026-09-01T10:37:00Z,0.0,False,netbanking
ORD_00149,5138.18,2026-09-01T10:37:15Z,0.0,False,upi
ORD_00150,4194.14,2026-09-01T10:37:30Z,0.0,False,upi
ORD_00151,2067.92,2026-09-01T10:37:45Z,0.0,False,card
ORD_00152,5574.17,2026-09-01T10:38:00Z,0.0,False,netbanking
ORD_00153,6798.5,2026-09-01T10:38:15Z,0.0,True,upi
ORD_00154,8735.09,2026-09-01T10:38:30Z,0.0,False,upi
ORD_00155,3609.85,2026-09-01T10:38:45Z,0.0,False,upi
ORD_00156,3143.44,2026-09-01T10:39:00Z,0.0,False,upi
ORD_00157,8431.65,2026-09-01T10:39:15Z,0.0,False,netbanking
ORD_00158,994.81,2026-09-01T10:39:30Z,0.0,False,card
ORD_00159,1151.87,2026-09-01T10:39:45Z,0.0,False,card
ORD_00160,9521.31,2026-09-01T10:40:00Z,0.0,False,card
ORD_00161,1947.63,2026-09-01T10:40:15Z,0.0,True,netbanking
ORD_00162,5857.71,2026-09-01T10:40:30Z,0.0,False,netbanking
ORD_00163,7785.53,2026-09-01T10:40:45Z,0.0,False,netbanking
ORD_00164,7324.39,2026-09-01T10:41:00Z,0.0,False,card
ORD_00165,1526.94,2026-09-01T10:41:15Z,0.0,True,upi
ORD_00166,6934.8,2026-09-01T10:41:30Z,0.0,False,upi
ORD_00167,2384.13,2026-09-01T10:41:45Z,0.0,False,netbanking
ORD_00168,1468.06,2026-09-01T10:42:00Z,0.0,False,netbanking
ORD_00169,8152.52,2026-09-01T10:42:15Z,0.0,False,netbanking
ORD_00170,3798.44,2026-09-01T10:42:30Z,0.0,False,upi
ORD_00171,5306.63,2026-09-01T10:42:45Z,0.0,False,upi
ORD_00172,1502.62,2026-09-01T10:43:00Z,0.0,False,netbanking
ORD_00173,7219.43,2026-09-01T10:43:15Z,0.0,False,netbanking
ORD_00174,9672.0,2026-09-01T10:43:30Z,0.0,False,netbanking
ORD_00175,4916.3,2026-09-01T10:43:45Z,0.0,False,netbanking
ORD_00176,3561.89,2026-09-01T10:44:00Z,0.0,False,card
ORD_00177,8875.5,2026-09-01T10:44:15Z,0.0,False,upi
ORD_00178,6298.15,2026-09-01T10:44:30Z,0.0,False,card
ORD_00179,8584.05,2026-09-01T10:44:45Z,0.0,False,card
ORD_00180,8079.41,2026-09-01T10:45:00Z,0.0,False,netbanking
ORD_00181,8861.02,2026-09-01T10:45:15Z,0.0,False,netbanking
ORD_00182,1313.32,2026-09-01T10:45:30Z,0.0,False,upi
ORD_00183,7702.56,2026-09-01T10:45:45Z,0.0,False,netbanking
ORD_00184,5162.8,2026-09-01T10:46:00Z,0.0,False,card
ORD_00185,2605.17,2026-09-01T10:46:15Z,0.0,False,upi
ORD_00186,6024.78,2026-09-01T10:46:30Z,0.0,False,netbanking
ORD_00187,4542.29,2026-09-01T10:46:45Z,0.0,False,upi
ORD_00188,7177.12,2026-09-01T10:47:00Z,0.0,False,upi
ORD_00189,1646.23,2026-09-01T10:47:15Z,0.0,False,card
ORD_00190,5590.71,2026-09-01T10:47:30Z,0.0,False,card
ORD_00191,2555.65,2026-09-01T10:47:45Z,0.0,False,netbanking
ORD_00192,9777.77,2026-09-01T10:48:00Z,0.0,False,upi
ORD_00193,8409.97,2026-09-01T10:48:15Z,0.0,False,upi
ORD_00194,3371.54,2026-09-01T10:48:30Z,0.0,False,card
ORD_00195,932.4,2026-09-01T10:48:45Z,0.0,True,upi
ORD_00196,9468.85,2026-09-01T10:49:00Z,0.0,False,upi
ORD_00197,8790.84,2026-09-01T10:49:15Z,0.0,False,upi
ORD_00198,4684.45,2026-09-01T10:49:30Z,0.0,False,card
ORD_00199,9440.1,2026-09-01T10:49:45Z,0.0,False,card
ORD_00200,5171.59,2026-09-01T10:50:00Z,0.0,False,netbanking
ORD_00201,1941.41,2026-09-01T10:50:15Z,0.0,False,upi
ORD_00202,9942.22,2026-09-01T10:50:30Z,0.0,True,upi
ORD_00203,6163.21,2026-09-01T10:50:45Z,0.0,False,netbanking
ORD_00204,4779.89,2026-09-01T10:51:00Z,0.0,False,netbanking
ORD_00205,3401.11,2026-09-01T10:51:15Z,0.0,False,netbanking
ORD_00206,1442.72,2026-09-01T10:51:30Z,0.0,False,netbanking
ORD_00207,3014.14,2026-09-01T10:51:45Z,0.0,True,card
ORD_00208,5743.93,2026-09-01T10:52:00Z,0.0,False,upi
ORD_00209,7049.03,2026-09-01T10:52:15Z,0.0,False,card
ORD_00210,3237.0,2026-09-01T10:52:30Z,0.0,False,upi
ORD_00211,7030.16,2026-09-01T10:52:45Z,0.0,False,netbanking
ORD_00212,6781.24,2026-09-01T10:53:00Z,0.0,False,upi
ORD_00213,5673.34,2026-09-01T10:53:15Z,0.0,False,upi
ORD_00214,1178.39,2026-09-01T10:53:30Z,0.0,False,upi
ORD_00215,7615.1,2026-09-01T10:53:45Z,0.0,False,upi
ORD_00216,1681.36,2026-09-01T10:54:00Z,0.0,False,netbanking
ORD_00217,9455.42,2026-09-01T10:54:15Z,0.0,False,upi
ORD_00218,1264.2,2026-09-01T10:54:30Z,0.0,True,upi
ORD_00219,3562.06,2026-09-01T10:54:45Z,0.0,False,card
ORD_00220,9638.16,2026-09-01T10:55:00Z,0.0,False,netbanking
ORD_00221,9532.47,2026-09-01T10:55:15Z,0.0,False,netbanking
ORD_00222,5974.35,2026-09-01T10:55:30Z,0.0,False,card
ORD_00223,5430.16,2026-09-01T10:55:45Z,0.0,False,upi
ORD_00224,9970.98,2026-09-01T10:56:00Z,0.0,False,upi
ORD_00225,4965.1,2026-09-01T10:56:15Z,0.0,False,upi
ORD_00226,1493.7,2026-09-01T10:56:30Z,0.0,False,upi
ORD_00227,5206.96,2026-09-01T10:56:45Z,0.0,False,upi
ORD_00228,848.62,2026-09-01T10:57:00Z,0.0,True,upi
ORD_00229,1601.26,2026-09-01T10:57:15Z,0.0,False,netbanking
ORD_00230,6747.77,2026-09-01T10:57:30Z,0.0,False,upi
ORD_00231,2282.03,2026-09-01T10:57:45Z,0.0,False,upi
ORD_00232,4699.39,2026-09-01T10:58:00Z,0.0,True,upi
ORD_00233,1744.63,2026-09-01T10:58:15Z,0.0,False,netbanking
ORD_00234,1653.55,2026-09-01T10:58:30Z,0.0,False,netbanking
ORD_00235,7242.94,2026-09-01T10:58:45Z,0.0,False,card
ORD_00236,4375.91,2026-09-01T10:59:00Z,0.0,False,card
ORD_00237,9497.08,2026-09-01T10:59:15Z,0.0,False,card
ORD_00238,9360.2,2026-09-01T10:59:30Z,0.0,False,netbanking
ORD_00239,4447.16,2026-09-01T10:59:45Z,0.0,False,upi
ORD_00240,4839.47,2026-09-01T11:00:00Z,0.0,True,card
ORD_00241,5328.29,2026-09-01T11:00:15Z,0.0,False,card
ORD_00242,7840.41,2026-09-01T11:00:30Z,0.0,False,upi
ORD_00243,3038.14,2026-09-01T11:00:45Z,0.0,True,netbanking
ORD_00244,8456.02,2026-09-01T11:01:00Z,0.0,False,netbanking
ORD_00245,8719.98,2026-09-01T11:01:15Z,0.0,False,upi
ORD_00246,3658.18,2026-09-01T11:01:30Z,0.0,False,upi
ORD_00247,9362.1,2026-09-01T11:01:45Z,0.0,False,netbanking
ORD_00248,5932.08,2026-09-01T11:02:00Z,0.0,False,upi
ORD_00249,3522.68,2026-09-01T11:02:15Z,0.0,False,upi
ORD_00250,9889.93,2026-09-01T11:02:30Z,0.0,False,netbanking
ORD_00251,5205.62,2026-09-01T11:02:45Z,0.0,True,netbanking
ORD_00252,3653.95,2026-09-01T11:03:00Z,0.0,True,upi
ORD_00253,5496.54,2026-09-01T11:03:15Z,0.0,False,netbanking
ORD_00254,4394.8,2026-09-01T11:03:30Z,0.0,False,card
ORD_00255,4960.16,2026-09-01T11:03:45Z,0.0,False,upi
ORD_00256,7080.69,2026-09-01T11:04:00Z,0.0,False,upi
ORD_00257,8663.75,2026-09-01T11:04:15Z,0.0,False,upi
ORD_00258,7327.82,2026-09-01T11:04:30Z,0.0,False,netbanking
ORD_00259,6365.86,2026-09-01T11:04:45Z,0.0,False,netbanking
ORD_00260,9975.55,2026-09-01T11:05:00Z,0.0,False,upi
ORD_00261,7723.51,2026-09-01T11:05:15Z,0.0,False,card
ORD_00262,2080.47,2026-09-01T11:05:30Z,0.0,False,card
ORD_00263,3581.56,2026-09-01T11:05:45Z,0.0,True,upi
ORD_00264,4591.52,2026-09-01T11:06:00Z,0.0,False,upi
ORD_00265,6977.1,2026-09-01T11:06:15Z,0.0,False,card
ORD_00266,6290.17,2026-09-01T11:06:30Z,0.0,False,netbanking
ORD_00267,5227.84,2026-09-01T11:06:45Z,0.0,False,card
ORD_00268,6560.09,2026-09-01T11:07:00Z,0.0,False,netbanking
ORD_00269,9039.63,2026-09-01T11:07:15Z,0.0,False,upi
ORD_00270,5692.68,2026-09-01T11:07:30Z,0.0,True,upi
ORD_00271,3341.97,2026-09-01T11:07:45Z,0.0,False,netbanking
ORD_00272,4839.94,2026-09-01T11:08:00Z,0.0,False,upi
ORD_00273,1513.21,2026-09-01T11:08:15Z,0.0,False,upi
ORD_00274,3310.79,2026-09-01T11:08:30Z,0.0,False,card
ORD_00275,4260.15,2026-09-01T11:08:45Z,0.0,True,netbanking
ORD_00276,9749.23,2026-09-01T11:09:00Z,0.0,False,netbanking
ORD_00277,8411.97,2026-09-01T11:09:15Z,0.0,False,card
ORD_00278,8118.35,2026-09-01T11:09:30Z,0.0,False,card
ORD_00279,2880.95,2026-09-01T11:09:45Z,0.0,False,netbanking
ORD_00280,8464.2,2026-09-01T11:10:00Z,0.0,False,netbanking
ORD_00281,874.51,2026-09-01T11:10:15Z,0.0,False,card
ORD_00282,3966.18,2026-09-01T11:10:30Z,0.0,True,upi
ORD_00283,7601.07,2026-09-01T11:10:45Z,0.0,False,card
ORD_00284,8826.38,2026-09-01T11:11:00Z,0.0,False,netbanking
ORD_00285,8389.49,2026-09-01T11:11:15Z,0.0,False,upi
ORD_00286,7592.31,2026-09-01T11:11:30Z,0.0,False,card
ORD_00287,9647.49,2026-09-01T11:11:45Z,0.0,True,card
ORD_00288,7380.06,2026-09-01T11:12:00Z,0.0,False,netbanking
ORD_00289,1357.88,2026-09-01T11:12:15Z,0.0,False,upi
ORD_00290,1674.09,2026-09-01T11:12:30Z,0.0,False,netbanking
ORD_00291,2990.53,2026-09-01T11:12:45Z,0.0,False,netbanking
ORD_00292,1529.29,2026-09-01T11:13:00Z,0.0,False,card
ORD_00293,8900.23,2026-09-01T11:13:15Z,0.0,False,netbanking
ORD_00294,6652.7,2026-09-01T11:13:30Z,0.0,False,upi
ORD_00295,3370.81,2026-09-01T11:13:45Z,0.0,False,card
ORD_00296,9489.48,2026-09-01T11:14:00Z,0.0,False,upi
ORD_00297,1423.32,2026-09-01T11:14:15Z,0.0,False,card
ORD_00298,4809.62,2026-09-01T11:14:30Z,0.0,False,netbanking
ORD_00299,9486.75,2026-09-01T11:14:45Z,0.0,False,netbanking
ORD_00300,1967.97,2026-09-01T11:15:00Z,0.0,False,card
ORD_00301,6348.7,2026-09-01T11:15:15Z,0.0,False,upi
ORD_00302,7057.67,2026-09-01T11:15:30Z,0.0,False,upi
ORD_00303,8626.78,2026-09-01T11:15:45Z,0.0,True,netbanking
ORD_00304,5672.43,2026-09-01T11:16:00Z,0.0,False,upi
ORD_00305,4282.33,2026-09-01T11:16:15Z,0.0,False,card
ORD_00306,1370.9,2026-09-01T11:16:30Z,0.0,False,netbanking
ORD_00307,9725.39,2026-09-01T11:16:45Z,0.0,True,upi
ORD_00308,9893.8,2026-09-01T11:17:00Z,0.0,False,card
ORD_00309,8383.27,2026-09-01T11:17:15Z,0.0,False,netbanking
ORD_00310,8224.0,2026-09-01T11:17:30Z,0.0,False,card
ORD_00311,526.94,2026-09-01T11:17:45Z,0.0,False,card
ORD_00312,5632.05,2026-09-01T11:18:00Z,0.0,False,card
ORD_00313,8731.25,2026-09-01T11:18:15Z,0.0,True,upi
ORD_00314,6094.1,2026-09-01T11:18:30Z,0.0,True,upi
ORD_00315,1704.21,2026-09-01T11:18:45Z,0.0,False,card
ORD_00316,1103.8,2026-09-01T11:19:00Z,0.0,False,upi
ORD_00317,6139.83,2026-09-01T11:19:15Z,0.0,False,card
ORD_00318,911.97,2026-09-01T11:19:30Z,0.0,False,netbanking
ORD_00319,3365.49,2026-09-01T11:19:45Z,0.0,False,card
ORD_00320,9986.57,2026-09-01T11:20:00Z,0.0,False,upi
ORD_00321,1525.64,2026-09-01T11:20:15Z,0.0,False,upi
ORD_00322,9043.03,2026-09-01T11:20:30Z,0.0,False,card
ORD_00323,1698.82,2026-09-01T11:20:45Z,0.0,False,netbanking
ORD_00324,7265.45,2026-09-01T11:21:00Z,0.0,False,netbanking
ORD_00325,3301.53,2026-09-01T11:21:15Z,0.0,False,upi
ORD_00326,8034.41,2026-09-01T11:21:30Z,0.0,True,netbanking
ORD_00327,8838.21,2026-09-01T11:21:45Z,0.0,False,card
ORD_00328,4789.77,2026-09-01T11:22:00Z,0.0,False,upi
ORD_00329,4287.94,2026-09-01T11:22:15Z,0.0,False,upi
ORD_00330,3468.97,2026-09-01T11:22:30Z,0.0,False,card
ORD_00331,9268.36,2026-09-01T11:22:45Z,0.0,True,card
ORD_00332,4602.83,2026-09-01T11:23:00Z,0.0,False,upi
ORD_00333,5785.52,2026-09-01T11:23:15Z,0.0,False,netbanking
ORD_00334,3631.64,2026-09-01T11:23:30Z,0.0,True,upi
ORD_00335,9440.73,2026-09-01T11:23:45Z,0.0,False,netbanking
ORD_00336,9699.79,2026-09-01T11:24:00Z,0.0,False,upi
ORD_00337,5990.23,2026-09-01T11:24:15Z,0.0,False,netbanking
ORD_00338,2630.33,2026-09-01T11:24:30Z,0.0,True,netbanking
ORD_00339,1591.41,2026-09-01T11:24:45Z,0.0,False,card
ORD_00340,8528.97,2026-09-01T11:25:00Z,0.0,False,netbanking
ORD_00341,6912.28,2026-09-01T11:25:15Z,0.0,False,netbanking
ORD_00342,8379.88,2026-09-01T11:25:30Z,0.0,False,card
ORD_00343,7175.64,2026-09-01T11:25:45Z,0.0,False,upi
ORD_00344,558.0,2026-09-01T11:26:00Z,0.0,False,netbanking
ORD_00345,4307.45,2026-09-01T11:26:15Z,0.0,True,netbanking
ORD_00346,1371.7,2026-09-01T11:26:30Z,0.0,False,upi
ORD_00347,4809.64,2026-09-01T11:26:45Z,0.0,False,upi
ORD_00348,3581.64,2026-09-01T11:27:00Z,0.0,False,netbanking
ORD_00349,8891.75,2026-09-01T11:27:15Z,0.0,False,netbanking
ORD_00350,6902.7,2026-09-01T11:27:30Z,0.0,False,netbanking
ORD_00351,5113.79,2026-09-01T11:27:45Z,0.0,False,upi
ORD_00352,7671.96,2026-09-01T11:28:00Z,0.0,True,upi
ORD_00353,3190.84,2026-09-01T11:28:15Z,0.0,False,upi
ORD_00354,6837.76,2026-09-01T11:28:30Z,0.0,True,upi
ORD_00355,1020.43,2026-09-01T11:28:45Z,0.0,False,card
ORD_00356,7759.53,2026-09-01T11:29:00Z,0.0,False,card
ORD_00357,5225.16,2026-09-01T11:29:15Z,0.0,False,card
ORD_00358,5559.53,2026-09-01T11:29:30Z,0.0,False,netbanking
ORD_00359,8158.9,2026-09-01T11:29:45Z,0.0,True,netbanking
ORD_00360,4644.09,2026-09-01T11:30:00Z,0.0,False,card
ORD_00361,5969.71,2026-09-01T11:30:15Z,0.0,False,netbanking
ORD_00362,4468.09,2026-09-01T11:30:30Z,0.0,True,card
ORD_00363,2132.8,2026-09-01T11:30:45Z,0.0,False,upi
ORD_00364,9237.81,2026-09-01T11:31:00Z,0.0,True,card
ORD_00365,4638.93,2026-09-01T11:31:15Z,0.0,False,card
ORD_00366,8769.98,2026-09-01T11:31:30Z,0.0,False,card
ORD_00367,7901.62,2026-09-01T11:31:45Z,0.0,True,netbanking
ORD_00368,5540.75,2026-09-01T11:32:00Z,0.0,False,upi
ORD_00369,7410.1,2026-09-01T11:32:15Z,0.0,False,card
ORD_00370,1476.64,2026-09-01T11:32:30Z,0.0,False,card
ORD_00371,1952.26,2026-09-01T11:32:45Z,0.0,False,card
ORD_00372,9537.28,2026-09-01T11:33:00Z,0.0,False,upi
ORD_00373,7718.83,2026-09-01T11:33:15Z,0.0,False,netbanking
ORD_00374,6535.33,2026-09-01T11:33:30Z,0.0,False,netbanking
ORD_00375,1934.1,2026-09-01T11:33:45Z,0.0,True,upi
ORD_00376,3376.79,2026-09-01T11:34:00Z,0.0,False,card
ORD_00377,5319.7,2026-09-01T11:34:15Z,0.0,False,upi
ORD_00378,1040.46,2026-09-01T11:34:30Z,0.0,False,card
ORD_00379,8710.38,2026-09-01T11:34:45Z,0.0,False,netbanking
ORD_00380,5317.14,2026-09-01T11:35:00Z,0.0,False,netbanking
ORD_00381,9010.83,2026-09-01T11:35:15Z,0.0,False,netbanking
ORD_00382,2288.27,2026-09-01T11:35:30Z,0.0,False,netbanking
ORD_00383,9598.36,2026-09-01T11:35:45Z,0.0,False,upi
ORD_00384,1301.13,2026-09-01T11:36:00Z,0.0,False,card
ORD_00385,7222.41,2026-09-01T11:36:15Z,0.0,False,netbanking
ORD_00386,6293.15,2026-09-01T11:36:30Z,0.0,False,upi
ORD_00387,4383.31,2026-09-01T11:36:45Z,0.0,False,netbanking
ORD_00388,7997.66,2026-09-01T11:37:00Z,0.0,False,card
ORD_00389,1397.81,2026-09-01T11:37:15Z,0.0,False,upi
ORD_00390,7375.47,2026-09-01T11:37:30Z,0.0,False,netbanking
ORD_00391,3666.94,2026-09-01T11:37:45Z,0.0,False,card
ORD_00392,3447.2,2026-09-01T11:38:00Z,0.0,False,netbanking
ORD_00393,1725.04,2026-09-01T11:38:15Z,0.0,False,card
ORD_00394,5809.76,2026-09-01T11:38:30Z,0.0,False,upi
ORD_00395,6866.11,2026-09-01T11:38:45Z,0.0,False,netbanking
ORD_00396,9168.26,2026-09-01T11:39:00Z,0.0,True,netbanking
ORD_00397,5330.64,2026-09-01T11:39:15Z,0.0,True,upi
ORD_00398,9536.11,2026-09-01T11:39:30Z,0.0,False,upi
ORD_00399,2652.16,2026-09-01T11:39:45Z,0.0,True,card
ORD_00400,8522.07,2026-09-01T11:40:00Z,0.0,True,netbanking
ORD_00401,8894.98,2026-09-01T11:40:15Z,0.0,True,upi
ORD_00402,1744.97,2026-09-01T11:40:30Z,0.0,False,card
ORD_00403,8397.78,2026-09-01T11:40:45Z,0.0,False,card
ORD_00404,4657.9,2026-09-01T11:41:00Z,0.0,False,netbanking
ORD_00405,2756.54,2026-09-01T11:41:15Z,0.0,False,upi
ORD_00406,7946.1,2026-09-01T11:41:30Z,0.0,False,card
ORD_00407,9673.17,2026-09-01T11:41:45Z,0.0,False,card
ORD_00408,6943.91,2026-09-01T11:42:00Z,0.0,False,upi
ORD_00409,7809.67,2026-09-01T11:42:15Z,0.0,False,netbanking
ORD_00410,4477.28,2026-09-01T11:42:30Z,0.0,False,card
ORD_00411,1814.79,2026-09-01T11:42:45Z,0.0,False,netbanking
ORD_00412,8804.11,2026-09-01T11:43:00Z,0.0,False,card
ORD_00413,8535.98,2026-09-01T11:43:15Z,0.0,False,upi
ORD_00414,7749.61,2026-09-01T11:43:30Z,0.0,False,netbanking
ORD_00415,8394.94,2026-09-01T11:43:45Z,0.0,True,card
ORD_00416,8903.98,2026-09-01T11:44:00Z,0.0,False,upi
ORD_00417,4266.31,2026-09-01T11:44:15Z,0.0,False,upi
ORD_00418,4061.67,2026-09-01T11:44:30Z,0.0,True,card
ORD_00419,6674.63,2026-09-01T11:44:45Z,0.0,False,card
ORD_00420,3225.35,2026-09-01T11:45:00Z,0.0,False,netbanking
ORD_00421,7708.99,2026-09-01T11:45:15Z,0.0,False,netbanking
ORD_00422,9105.65,2026-09-01T11:45:30Z,0.0,True,card
ORD_00423,5713.64,2026-09-01T11:45:45Z,0.0,False,netbanking
ORD_00424,1556.28,2026-09-01T11:46:00Z,0.0,False,upi
ORD_00425,953.62,2026-09-01T11:46:15Z,0.0,False,netbanking
ORD_00426,1096.67,2026-09-01T11:46:30Z,0.0,False,upi
ORD_00427,5592.51,2026-09-01T11:46:45Z,0.0,False,netbanking
ORD_00428,7326.17,2026-09-01T11:47:00Z,0.0,False,card
ORD_00429,3851.75,2026-09-01T11:47:15Z,0.0,False,card
ORD_00430,6848.04,2026-09-01T11:47:30Z,0.0,False,upi
ORD_00431,9557.33,2026-09-01T11:47:45Z,0.0,False,netbanking
ORD_00432,693.18,2026-09-01T11:48:00Z,0.0,False,card
ORD_00433,4175.37,2026-09-01T11:48:15Z,0.0,False,netbanking
ORD_00434,3892.39,2026-09-01T11:48:30Z,0.0,True,card
ORD_00435,6742.49,2026-09-01T11:48:45Z,0.0,True,netbanking
ORD_00436,7688.45,2026-09-01T11:49:00Z,0.0,True,upi
ORD_00437,3716.2,2026-09-01T11:49:15Z,0.0,False,netbanking
ORD_00438,9817.78,2026-09-01T11:49:30Z,0.0,False,card
ORD_00439,1099.46,2026-09-01T11:49:45Z,0.0,False,upi
ORD_00440,3287.7,2026-09-01T11:50:00Z,0.0,True,card
ORD_00441,3498.16,2026-09-01T11:50:15Z,0.0,False,upi
ORD_00442,4997.3,2026-09-01T11:50:30Z,0.0,True,netbanking
ORD_00443,3218.05,2026-09-01T11:50:45Z,0.0,False,card
ORD_00444,3653.28,2026-09-01T11:51:00Z,0.0,True,upi
ORD_00445,8950.12,2026-09-01T11:51:15Z,0.0,False,upi
ORD_00446,9750.37,2026-09-01T11:51:30Z,0.0,False,upi
ORD_00447,9280.95,2026-09-01T11:51:45Z,0.0,False,card
ORD_00448,4532.75,2026-09-01T11:52:00Z,0.0,False,card
ORD_00449,3290.78,2026-09-01T11:52:15Z,0.0,True,upi
ORD_00450,3308.58,2026-09-01T11:52:30Z,0.0,False,netbanking
ORD_00451,2083.13,2026-09-01T11:52:45Z,0.0,False,upi
ORD_00452,7404.74,2026-09-01T11:53:00Z,0.0,False,netbanking
ORD_00453,3108.28,2026-09-01T11:53:15Z,0.0,False,card
ORD_00454,6876.25,2026-09-01T11:53:30Z,0.0,False,netbanking
ORD_00455,6954.4,2026-09-01T11:53:45Z,0.0,False,card
ORD_00456,6941.84,2026-09-01T11:54:00Z,0.0,False,card
ORD_00457,2741.96,2026-09-01T11:54:15Z,0.0,False,upi
ORD_00458,9519.94,2026-09-01T11:54:30Z,0.0,True,card
ORD_00459,4774.26,2026-09-01T11:54:45Z,0.0,False,upi
ORD_00460,5952.26,2026-09-01T11:55:00Z,0.0,False,upi
ORD_00461,6670.83,2026-09-01T11:55:15Z,0.0,False,card
ORD_00462,7488.91,2026-09-01T11:55:30Z,0.0,False,upi
ORD_00463,1618.73,2026-09-01T11:55:45Z,0.0,False,netbanking
ORD_00464,2538.42,2026-09-01T11:56:00Z,0.0,False,netbanking
ORD_00465,2401.69,2026-09-01T11:56:15Z,0.0,True,card
ORD_00466,2140.24,2026-09-01T11:56:30Z,0.0,False,card
ORD_00467,9691.83,2026-09-01T11:56:45Z,0.0,False,netbanking
ORD_00468,7240.63,2026-09-01T11:57:00Z,0.0,False,upi
ORD_00469,8587.94,2026-09-01T11:57:15Z,0.0,False,netbanking
ORD_00470,2153.86,2026-09-01T11:57:30Z,0.0,False,card
ORD_00471,9858.76,2026-09-01T11:57:45Z,0.0,False,card
ORD_00472,749.7,2026-09-01T11:58:00Z,0.0,False,upi
ORD_00473,8134.79,2026-09-01T11:58:15Z,0.0,False,netbanking
ORD_00474,1124.61,2026-09-01T11:58:30Z,0.0,False,netbanking
ORD_00475,5047.32,2026-09-01T11:58:45Z,0.0,False,upi
ORD_00476,1200.63,2026-09-01T11:59:00Z,0.0,False,netbanking
ORD_00477,4774.76,2026-09-01T11:59:15Z,0.0,False,upi
ORD_00478,8840.62,2026-09-01T11:59:30Z,0.0,False,netbanking
ORD_00479,2228.65,2026-09-01T11:59:45Z,0.0,False,upi
ORD_00480,9151.77,2026-09-01T12:00:00Z,0.0,True,card
ORD_00481,1953.65,2026-09-01T12:00:15Z,0.0,False,upi
ORD_00482,2641.97,2026-09-01T12:00:30Z,0.0,False,netbanking
ORD_00483,8536.37,2026-09-01T12:00:45Z,0.0,False,netbanking
ORD_00484,3107.28,2026-09-01T12:01:00Z,0.0,False,netbanking
ORD_00485,1387.57,2026-09-01T12:01:15Z,0.0,False,netbanking
ORD_00486,1964.85,2026-09-01T12:01:30Z,0.0,False,netbanking
ORD_00487,3707.39,2026-09-01T12:01:45Z,0.0,False,card
ORD_00488,1271.62,2026-09-01T12:02:00Z,0.0,False,netbanking
ORD_00489,6685.73,2026-09-01T12:02:15Z,0.0,False,upi
ORD_00490,6570.42,2026-09-01T12:02:30Z,0.0,False,netbanking
ORD_00491,3251.88,2026-09-01T12:02:45Z,0.0,False,upi
ORD_00492,8144.54,2026-09-01T12:03:00Z,0.0,False,upi
ORD_00493,1193.24,2026-09-01T12:03:15Z,0.0,True,upi
ORD_00494,5100.39,2026-09-01T12:03:30Z,0.0,False,netbanking
ORD_00495,3469.53,2026-09-01T12:03:45Z,0.0,False,netbanking
ORD_00496,9766.05,2026-09-01T12:04:00Z,0.0,True,upi
ORD_00497,5835.69,2026-09-01T12:04:15Z,0.0,False,upi
ORD_00498,3040.98,2026-09-01T12:04:30Z,0.0,False,card
ORD_00499,3257.01,2026-09-01T12:04:45Z,0.0,False,netbanking
ORD_00500,2858.57,2026-09-01T12:05:00Z,0.0,False,card
ORD_00501,9370.64,2026-09-01T12:05:15Z,0.0,False,card
ORD_00502,5233.52,2026-09-01T12:05:30Z,0.0,False,upi
ORD_00503,5225.02,2026-09-01T12:05:45Z,0.0,True,upi
ORD_00504,4843.69,2026-09-01T12:06:00Z,0.0,False,netbanking
ORD_00505,962.25,2026-09-01T12:06:15Z,0.0,False,netbanking
ORD_00506,6888.95,2026-09-01T12:06:30Z,0.0,False,card
ORD_00507,4593.81,2026-09-01T12:06:45Z,0.0,False,netbanking
ORD_00508,7756.64,2026-09-01T12:07:00Z,0.0,False,upi
ORD_00509,5917.68,2026-09-01T12:07:15Z,0.0,False,netbanking
ORD_00510,1198.55,2026-09-01T12:07:30Z,0.0,False,netbanking
ORD_00511,8340.46,2026-09-01T12:07:45Z,0.0,False,netbanking
ORD_00512,1722.3,2026-09-01T12:08:00Z,0.0,True,upi
ORD_00513,5799.4,2026-09-01T12:08:15Z,0.0,False,card
ORD_00514,6223.4,2026-09-01T12:08:30Z,0.0,False,card
ORD_00515,869.68,2026-09-01T12:08:45Z,0.0,False,upi
ORD_00516,4841.39,2026-09-01T12:09:00Z,0.0,False,netbanking
ORD_00517,3615.68,2026-09-01T12:09:15Z,0.0,False,card
ORD_00518,9910.85,2026-09-01T12:09:30Z,0.0,False,upi
ORD_00519,3695.55,2026-09-01T12:09:45Z,0.0,False,netbanking
ORD_00520,7233.03,2026-09-01T12:10:00Z,0.0,False,card
ORD_00521,3646.78,2026-09-01T12:10:15Z,0.0,True,upi
ORD_00522,3422.94,2026-09-01T12:10:30Z,0.0,False,netbanking
ORD_00523,753.15,2026-09-01T12:10:45Z,0.0,False,netbanking
ORD_00524,5987.53,2026-09-01T12:11:00Z,0.0,False,netbanking
ORD_00525,2119.86,2026-09-01T12:11:15Z,0.0,False,netbanking
ORD_00526,1903.87,2026-09-01T12:11:30Z,0.0,False,card
ORD_00527,9507.95,2026-09-01T12:11:45Z,0.0,True,card
ORD_00528,3480.08,2026-09-01T12:12:00Z,0.0,False,netbanking
ORD_00529,4398.59,2026-09-01T12:12:15Z,0.0,False,upi
ORD_00530,7410.32,2026-09-01T12:12:30Z,0.0,False,netbanking
ORD_00531,5828.42,2026-09-01T12:12:45Z,0.0,False,upi
ORD_00532,4079.84,2026-09-01T12:13:00Z,0.0,False,upi
ORD_00533,3752.11,2026-09-01T12:13:15Z,0.0,False,netbanking
ORD_00534,6611.44,2026-09-01T12:13:30Z,0.0,False,netbanking
ORD_00535,2326.51,2026-09-01T12:13:45Z,0.0,False,netbanking
ORD_00536,2636.24,2026-09-01T12:14:00Z,0.0,False,upi
ORD_00537,7196.56,2026-09-01T12:14:15Z,0.0,False,upi
ORD_00538,5058.13,2026-09-01T12:14:30Z,0.0,False,netbanking
ORD_00539,3234.0,2026-09-01T12:14:45Z,0.0,False,netbanking
ORD_00540,9009.72,2026-09-01T12:15:00Z,0.0,False,upi
ORD_00541,3259.3,2026-09-01T12:15:15Z,0.0,False,netbanking
ORD_00542,3790.45,2026-09-01T12:15:30Z,0.0,False,upi
ORD_00543,5051.25,2026-09-01T12:15:45Z,0.0,False,netbanking
ORD_00544,9363.73,2026-09-01T12:16:00Z,0.0,False,card
ORD_00545,6348.93,2026-09-01T12:16:15Z,0.0,False,card
ORD_00546,6863.42,2026-09-01T12:16:30Z,0.0,False,netbanking
ORD_00547,998.67,2026-09-01T12:16:45Z,0.0,False,netbanking
ORD_00548,1455.18,2026-09-01T12:17:00Z,0.0,False,card
ORD_00549,9790.15,2026-09-01T12:17:15Z,0.0,False,netbanking
ORD_00550,5035.76,2026-09-01T12:17:30Z,0.0,False,upi
ORD_00551,3211.45,2026-09-01T12:17:45Z,0.0,True,card
ORD_00552,5954.27,2026-09-01T12:18:00Z,0.0,False,netbanking
ORD_00553,9175.68,2026-09-01T12:18:15Z,0.0,False,card
ORD_00554,9973.13,2026-09-01T12:18:30Z,0.0,False,upi
ORD_00555,9397.78,2026-09-01T12:18:45Z,0.0,False,upi
ORD_00556,588.04,2026-09-01T12:19:00Z,0.0,False,card
ORD_00557,3203.34,2026-09-01T12:19:15Z,0.0,False,netbanking
ORD_00558,5192.17,2026-09-01T12:19:30Z,0.0,False,netbanking
ORD_00559,3091.95,2026-09-01T12:19:45Z,0.0,False,upi
ORD_00560,7445.63,2026-09-01T12:20:00Z,0.0,False,netbanking
ORD_00561,633.8,2026-09-01T12:20:15Z,0.0,False,upi
ORD_00562,6906.81,2026-09-01T12:20:30Z,0.0,False,netbanking
ORD_00563,9021.91,2026-09-01T12:20:45Z,0.0,False,netbanking
ORD_00564,1324.01,2026-09-01T12:21:00Z,0.0,False,card
ORD_00565,5035.81,2026-09-01T12:21:15Z,0.0,False,card
ORD_00566,4143.96,2026-09-01T12:21:30Z,0.0,False,upi
ORD_00567,3368.49,2026-09-01T12:21:45Z,0.0,False,card
ORD_00568,6709.99,2026-09-01T12:22:00Z,0.0,False,card
ORD_00569,1623.14,2026-09-01T12:22:15Z,0.0,False,upi
ORD_00570,5273.94,2026-09-01T12:22:30Z,0.0,False,netbanking
ORD_00571,7057.76,2026-09-01T12:22:45Z,0.0,False,upi
ORD_00572,6338.94,2026-09-01T12:23:00Z,0.0,False,card
ORD_00573,1955.26,2026-09-01T12:23:15Z,0.0,False,netbanking
ORD_00574,4450.53,2026-09-01T12:23:30Z,0.0,False,upi
ORD_00575,8118.95,2026-09-01T12:23:45Z,0.0,False,card
ORD_00576,7670.03,2026-09-01T12:24:00Z,0.0,False,card
ORD_00577,4744.11,2026-09-01T12:24:15Z,0.0,False,card
ORD_00578,1565.98,2026-09-01T12:24:30Z,0.0,False,netbanking
ORD_00579,5940.67,2026-09-01T12:24:45Z,0.0,True,upi
ORD_00580,4697.49,2026-09-01T12:25:00Z,0.0,False,netbanking
ORD_00581,5143.87,2026-09-01T12:25:15Z,0.0,False,upi
ORD_00582,4807.61,2026-09-01T12:25:30Z,0.0,False,upi
ORD_00583,1048.5,2026-09-01T12:25:45Z,0.0,False,upi
ORD_00584,706.82,2026-09-01T12:26:00Z,0.0,False,card
ORD_00585,2570.06,2026-09-01T12:26:15Z,0.0,True,upi
ORD_00586,7153.66,2026-09-01T12:26:30Z,0.0,False,card
ORD_00587,9868.3,2026-09-01T12:26:45Z,0.0,False,upi
ORD_00588,2209.82,2026-09-01T12:27:00Z,0.0,True,netbanking
ORD_00589,6635.87,2026-09-01T12:27:15Z,0.0,False,upi
ORD_00590,8761.39,2026-09-01T12:27:30Z,0.0,False,upi
ORD_00591,6985.94,2026-09-01T12:27:45Z,0.0,False,netbanking
ORD_00592,6708.57,2026-09-01T12:28:00Z,0.0,False,card
ORD_00593,4234.06,2026-09-01T12:28:15Z,0.0,True,card
ORD_00594,7683.7,2026-09-01T12:28:30Z,0.0,False,upi
ORD_00595,7331.39,2026-09-01T12:28:45Z,0.0,False,upi
ORD_00596,2851.36,2026-09-01T12:29:00Z,0.0,False,upi
ORD_00597,9405.4,2026-09-01T12:29:15Z,0.0,False,card
ORD_00598,8190.04,2026-09-01T12:29:30Z,0.0,False,card
ORD_00599,2457.78,2026-09-01T12:29:45Z,0.0,True,card
ORD_00600,6178.96,2026-09-01T12:30:00Z,0.0,False,card
ORD_00601,7535.14,2026-09-01T12:30:15Z,0.0,False,card
ORD_00602,2564.06,2026-09-01T12:30:30Z,0.0,False,card
ORD_00603,5287.01,2026-09-01T12:30:45Z,0.0,False,netbanking
ORD_00604,3529.59,2026-09-01T12:31:00Z,0.0,False,netbanking
ORD_00605,2750.59,2026-09-01T12:31:15Z,0.0,False,netbanking
ORD_00606,2599.91,2026-09-01T12:31:30Z,0.0,False,card
ORD_00607,9510.94,2026-09-01T12:31:45Z,0.0,False,card
ORD_00608,6948.13,2026-09-01T12:32:00Z,0.0,False,card
ORD_00609,9445.07,2026-09-01T12:32:15Z,0.0,False,netbanking
ORD_00610,7114.93,2026-09-01T12:32:30Z,0.0,False,upi
ORD_00611,2246.85,2026-09-01T12:32:45Z,0.0,False,card
ORD_00612,3357.0,2026-09-01T12:33:00Z,0.0,False,upi
ORD_00613,5842.67,2026-09-01T12:33:15Z,0.0,False,netbanking
ORD_00614,1773.88,2026-09-01T12:33:30Z,0.0,False,card
ORD_00615,6643.71,2026-09-01T12:33:45Z,0.0,False,upi
ORD_00616,5588.54,2026-09-01T12:34:00Z,0.0,False,card
ORD_00617,4083.1,2026-09-01T12:34:15Z,0.0,False,card
ORD_00618,2287.55,2026-09-01T12:34:30Z,0.0,False,netbanking
ORD_00619,5809.08,2026-09-01T12:34:45Z,0.0,False,upi
ORD_00620,9591.69,2026-09-01T12:35:00Z,0.0,True,card
ORD_00621,1614.5,2026-09-01T12:35:15Z,0.0,False,upi
ORD_00622,7108.45,2026-09-01T12:35:30Z,0.0,False,upi
ORD_00623,5744.75,2026-09-01T12:35:45Z,0.0,False,upi
ORD_00624,5569.68,2026-09-01T12:36:00Z,0.0,False,upi
ORD_00625,5371.76,2026-09-01T12:36:15Z,0.0,False,card
ORD_00626,4960.16,2026-09-01T12:36:30Z,0.0,False,card
ORD_00627,3472.76,2026-09-01T12:36:45Z,0.0,True,card
ORD_00628,1886.27,2026-09-01T12:37:00Z,0.0,False,netbanking
ORD_00629,7340.11,2026-09-01T12:37:15Z,0.0,False,card
ORD_00630,2685.18,2026-09-01T12:37:30Z,0.0,False,card
ORD_00631,5731.1,2026-09-01T12:37:45Z,0.0,False,upi
ORD_00632,7751.93,2026-09-01T12:38:00Z,0.0,False,netbanking
ORD_00633,7526.14,2026-09-01T12:38:15Z,0.0,False,netbanking
ORD_00634,2108.02,2026-09-01T12:38:30Z,0.0,False,upi
ORD_00635,9210.54,2026-09-01T12:38:45Z,0.0,False,netbanking
ORD_00636,5477.47,2026-09-01T12:39:00Z,0.0,False,card
ORD_00637,960.89,2026-09-01T12:39:15Z,0.0,True,card
ORD_00638,2698.62,2026-09-01T12:39:30Z,0.0,False,card
ORD_00639,5304.46,2026-09-01T12:39:45Z,0.0,False,netbanking
ORD_00640,6834.17,2026-09-01T12:40:00Z,0.0,False,upi
ORD_00641,5134.62,2026-09-01T12:40:15Z,0.0,True,netbanking
ORD_00642,612.58,2026-09-01T12:40:30Z,0.0,False,upi
ORD_00643,9786.05,2026-09-01T12:40:45Z,0.0,True,netbanking
ORD_00644,4590.45,2026-09-01T12:41:00Z,0.0,False,card
ORD_00645,9221.46,2026-09-01T12:41:15Z,0.0,False,card
ORD_00646,6387.92,2026-09-01T12:41:30Z,0.0,False,upi
ORD_00647,8051.9,2026-09-01T12:41:45Z,0.0,True,upi
ORD_00648,5867.52,2026-09-01T12:42:00Z,0.0,False,card
ORD_00649,6998.4,2026-09-01T12:42:15Z,0.0,False,netbanking
ORD_00650,7716.07,2026-09-01T12:42:30Z,0.0,True,upi
ORD_00651,5750.66,2026-09-01T12:42:45Z,0.0,True,card
ORD_00652,2128.14,2026-09-01T12:43:00Z,0.0,False,upi
ORD_00653,7951.57,2026-09-01T12:43:15Z,0.0,False,card
ORD_00654,9231.95,2026-09-01T12:43:30Z,0.0,False,netbanking
ORD_00655,5017.25,2026-09-01T12:43:45Z,0.0,True,card
ORD_00656,9293.06,2026-09-01T12:44:00Z,0.0,False,netbanking
ORD_00657,812.57,2026-09-01T12:44:15Z,0.0,False,upi
ORD_00658,9633.96,2026-09-01T12:44:30Z,0.0,False,netbanking
ORD_00659,9324.31,2026-09-01T12:44:45Z,0.0,False,netbanking
ORD_00660,5883.61,2026-09-01T12:45:00Z,0.0,False,netbanking
ORD_00661,3651.43,2026-09-01T12:45:15Z,0.0,False,card
ORD_00662,7379.55,2026-09-01T12:45:30Z,0.0,False,upi
ORD_00663,1428.01,2026-09-01T12:45:45Z,0.0,False,card
ORD_00664,6249.1,2026-09-01T12:46:00Z,0.0,False,netbanking
ORD_00665,9704.75,2026-09-01T12:46:15Z,0.0,False,netbanking
ORD_00666,7943.71,2026-09-01T12:46:30Z,0.0,False,card
ORD_00667,5753.86,2026-09-01T12:46:45Z,0.0,False,card
ORD_00668,6065.81,2026-09-01T12:47:00Z,0.0,False,netbanking
ORD_00669,8081.52,2026-09-01T12:47:15Z,0.0,False,card
ORD_00670,1965.1,2026-09-01T12:47:30Z,0.0,False,netbanking
ORD_00671,7526.73,2026-09-01T12:47:45Z,0.0,False,card
ORD_00672,549.35,2026-09-01T12:48:00Z,0.0,False,upi
ORD_00673,1471.2,2026-09-01T12:48:15Z,0.0,True,upi
ORD_00674,5791.36,2026-09-01T12:48:30Z,0.0,False,card
ORD_00675,1351.38,2026-09-01T12:48:45Z,0.0,False,netbanking
ORD_00676,7952.17,2026-09-01T12:49:00Z,0.0,False,card
ORD_00677,4431.2,2026-09-01T12:49:15Z,0.0,False,netbanking
ORD_00678,9099.47,2026-09-01T12:49:30Z,0.0,False,netbanking
ORD_00679,2111.04,2026-09-01T12:49:45Z,0.0,False,card
ORD_00680,3360.75,2026-09-01T12:50:00Z,0.0,False,card
ORD_00681,4629.42,2026-09-01T12:50:15Z,0.0,False,upi
ORD_00682,3930.69,2026-09-01T12:50:30Z,0.0,False,netbanking
ORD_00683,5210.12,2026-09-01T12:50:45Z,0.0,False,upi
ORD_00684,1787.15,2026-09-01T12:51:00Z,0.0,True,upi
ORD_00685,8495.33,2026-09-01T12:51:15Z,0.0,False,upi
ORD_00686,3679.99,2026-09-01T12:51:30Z,0.0,False,netbanking
ORD_00687,1793.18,2026-09-01T12:51:45Z,0.0,False,netbanking
ORD_00688,5050.59,2026-09-01T12:52:00Z,0.0,False,upi
ORD_00689,3268.76,2026-09-01T12:52:15Z,0.0,False,upi
ORD_00690,7928.76,2026-09-01T12:52:30Z,0.0,False,upi
ORD_00691,3967.65,2026-09-01T12:52:45Z,0.0,False,card
ORD_00692,9974.02,2026-09-01T12:53:00Z,0.0,False,netbanking
ORD_00693,9553.54,2026-09-01T12:53:15Z,0.0,False,netbanking
ORD_00694,4665.32,2026-09-01T12:53:30Z,0.0,False,netbanking
ORD_00695,8280.17,2026-09-01T12:53:45Z,0.0,False,upi
ORD_00696,5243.38,2026-09-01T12:54:00Z,0.0,False,card
ORD_00697,6757.3,2026-09-01T12:54:15Z,0.0,False,upi
ORD_00698,4766.13,2026-09-01T12:54:30Z,0.0,False,netbanking
ORD_00699,5576.49,2026-09-01T12:54:45Z,0.0,False,netbanking
ORD_00700,5664.63,2026-09-01T12:55:00Z,0.0,False,upi
ORD_00701,9007.26,2026-09-01T12:55:15Z,0.0,False,netbanking
ORD_00702,1539.01,2026-09-01T12:55:30Z,0.0,False,netbanking
ORD_00703,2080.22,2026-09-01T12:55:45Z,0.0,False,netbanking
ORD_00704,6935.98,2026-09-01T12:56:00Z,0.0,False,upi
ORD_00705,1506.47,2026-09-01T12:56:15Z,0.0,True,card
ORD_00706,7595.1,2026-09-01T12:56:30Z,0.0,False,netbanking
ORD_00707,2599.8,2026-09-01T12:56:45Z,0.0,False,upi
ORD_00708,6091.6,2026-09-01T12:57:00Z,0.0,False,upi
ORD_00709,5086.33,2026-09-01T12:57:15Z,0.0,False,card
ORD_00710,8397.52,2026-09-01T12:57:30Z,0.0,False,upi
ORD_00711,3759.13,2026-09-01T12:57:45Z,0.0,False,netbanking
ORD_00712,3808.85,2026-09-01T12:58:00Z,0.0,True,netbanking
ORD_00713,4798.25,2026-09-01T12:58:15Z,0.0,True,card
ORD_00714,1593.31,2026-09-01T12:58:30Z,0.0,False,netbanking
ORD_00715,6932.82,2026-09-01T12:58:45Z,0.0,False,netbanking
ORD_00716,5401.94,2026-09-01T12:59:00Z,0.0,False,upi
ORD_00717,4550.51,2026-09-01T12:59:15Z,0.0,False,upi
ORD_00718,2252.29,2026-09-01T12:59:30Z,0.0,False,upi
ORD_00719,777.33,2026-09-01T12:59:45Z,0.0,False,card
ORD_00720,6125.93,2026-09-01T13:00:00Z,0.0,False,netbanking
ORD_00721,2454.95,2026-09-01T13:00:15Z,0.0,False,card
ORD_00722,1466.64,2026-09-01T13:00:30Z,0.0,False,card
ORD_00723,3596.86,2026-09-01T13:00:45Z,0.0,False,upi
ORD_00724,8695.05,2026-09-01T13:01:00Z,0.0,False,netbanking
ORD_00725,6171.22,2026-09-01T13:01:15Z,0.0,False,netbanking
ORD_00726,3805.28,2026-09-01T13:01:30Z,0.0,False,netbanking
ORD_00727,8230.51,2026-09-01T13:01:45Z,0.0,False,upi
ORD_00728,6106.6,2026-09-01T13:02:00Z,0.0,False,upi
ORD_00729,2766.44,2026-09-01T13:02:15Z,0.0,True,upi
ORD_00730,1842.91,2026-09-01T13:02:30Z,0.0,False,netbanking
ORD_00731,5960.66,2026-09-01T13:02:45Z,0.0,False,upi
ORD_00732,5605.1,2026-09-01T13:03:00Z,0.0,False,card
ORD_00733,2085.22,2026-09-01T13:03:15Z,0.0,False,card
ORD_00734,8498.86,2026-09-01T13:03:30Z,0.0,False,upi
ORD_00735,5103.78,2026-09-01T13:03:45Z,0.0,False,upi
ORD_00736,5301.66,2026-09-01T13:04:00Z,0.0,False,netbanking
ORD_00737,4448.49,2026-09-01T13:04:15Z,0.0,False,upi
ORD_00738,1285.37,2026-09-01T13:04:30Z,0.0,True,card
ORD_00739,810.6,2026-09-01T13:04:45Z,0.0,False,upi
ORD_00740,7917.03,2026-09-01T13:05:00Z,0.0,False,upi
ORD_00741,5352.66,2026-09-01T13:05:15Z,0.0,False,upi
ORD_00742,8321.19,2026-09-01T13:05:30Z,0.0,False,card
ORD_00743,4692.98,2026-09-01T13:05:45Z,0.0,False,upi
ORD_00744,7491.89,2026-09-01T13:06:00Z,0.0,False,card
ORD_00745,8810.69,2026-09-01T13:06:15Z,0.0,True,upi
ORD_00746,8690.9,2026-09-01T13:06:30Z,0.0,True,card
ORD_00747,2493.84,2026-09-01T13:06:45Z,0.0,False,netbanking
ORD_00748,8679.96,2026-09-01T13:07:00Z,0.0,False,upi
ORD_00749,6353.44,2026-09-01T13:07:15Z,0.0,False,card
ORD_00750,5915.71,2026-09-01T13:07:30Z,0.0,False,netbanking
ORD_00751,2099.58,2026-09-01T13:07:45Z,0.0,False,upi
ORD_00752,5940.99,2026-09-01T13:08:00Z,0.0,False,netbanking
ORD_00753,8244.22,2026-09-01T13:08:15Z,0.0,True,upi
ORD_00754,9928.62,2026-09-01T13:08:30Z,0.0,False,card
ORD_00755,8727.75,2026-09-01T13:08:45Z,0.0,False,netbanking
ORD_00756,8370.58,2026-09-01T13:09:00Z,0.0,False,netbanking
ORD_00757,5149.86,2026-09-01T13:09:15Z,0.0,False,upi
ORD_00758,4435.14,2026-09-01T13:09:30Z,0.0,False,netbanking
ORD_00759,4327.08,2026-09-01T13:09:45Z,0.0,False,netbanking
ORD_00760,4819.61,2026-09-01T13:10:00Z,0.0,False,netbanking
ORD_00761,8754.62,2026-09-01T13:10:15Z,0.0,False,card
ORD_00762,9735.43,2026-09-01T13:10:30Z,0.0,False,netbanking
ORD_00763,8576.01,2026-09-01T13:10:45Z,0.0,False,upi
ORD_00764,9697.22,2026-09-01T13:11:00Z,0.0,False,upi
ORD_00765,3567.22,2026-09-01T13:11:15Z,0.0,False,netbanking
ORD_00766,1740.65,2026-09-01T13:11:30Z,0.0,False,upi
ORD_00767,7741.41,2026-09-01T13:11:45Z,0.0,True,netbanking
ORD_00768,654.67,2026-09-01T13:12:00Z,0.0,False,card
ORD_00769,4836.92,2026-09-01T13:12:15Z,0.0,False,upi
ORD_00770,9959.09,2026-09-01T13:12:30Z,0.0,False,netbanking
ORD_00771,2010.29,2026-09-01T13:12:45Z,0.0,False,upi
ORD_00772,6718.59,2026-09-01T13:13:00Z,0.0,False,upi
ORD_00773,9086.1,2026-09-01T13:13:15Z,0.0,False,upi
ORD_00774,3402.34,2026-09-01T13:13:30Z,0.0,False,card
ORD_00775,6727.11,2026-09-01T13:13:45Z,0.0,False,card
ORD_00776,5029.66,2026-09-01T13:14:00Z,0.0,True,card
ORD_00777,6959.84,2026-09-01T13:14:15Z,0.0,True,netbanking
ORD_00778,8262.54,2026-09-01T13:14:30Z,0.0,False,upi
ORD_00779,1755.66,2026-09-01T13:14:45Z,0.0,True,upi
ORD_00780,7442.25,2026-09-01T13:15:00Z,0.0,True,upi
ORD_00781,8869.4,2026-09-01T13:15:15Z,0.0,True,card
ORD_00782,9932.93,2026-09-01T13:15:30Z,0.0,True,netbanking
ORD_00783,580.51,2026-09-01T13:15:45Z,0.0,False,upi
ORD_00784,7363.1,2026-09-01T13:16:00Z,0.0,False,card
ORD_00785,6352.72,2026-09-01T13:16:15Z,0.0,False,card
ORD_00786,9017.63,2026-09-01T13:16:30Z,0.0,True,card
ORD_00787,7435.09,2026-09-01T13:16:45Z,0.0,False,upi
ORD_00788,8015.23,2026-09-01T13:17:00Z,0.0,False,netbanking
ORD_00789,2857.59,2026-09-01T13:17:15Z,0.0,False,netbanking
ORD_00790,3206.75,2026-09-01T13:17:30Z,0.0,False,card
ORD_00791,8820.36,2026-09-01T13:17:45Z,0.0,False,netbanking
ORD_00792,2292.14,2026-09-01T13:18:00Z,0.0,False,netbanking
ORD_00793,7946.12,2026-09-01T13:18:15Z,0.0,False,card
ORD_00794,4165.91,2026-09-01T13:18:30Z,0.0,False,netbanking
ORD_00795,1174.61,2026-09-01T13:18:45Z,0.0,False,card
ORD_00796,9372.28,2026-09-01T13:19:00Z,0.0,True,netbanking
ORD_00797,3971.42,2026-09-01T13:19:15Z,0.0,False,upi
ORD_00798,658.55,2026-09-01T13:19:30Z,0.0,True,upi
ORD_00799,878.36,2026-09-01T13:19:45Z,0.0,True,upi
ORD_00800,3221.63,2026-09-01T13:20:00Z,0.0,False,upi
ORD_00801,5912.67,2026-09-01T13:20:15Z,0.0,True,card
ORD_00802,4755.95,2026-09-01T13:20:30Z,0.0,False,card
ORD_00803,1585.18,2026-09-01T13:20:45Z,0.0,True,card
ORD_00804,7446.47,2026-09-01T13:21:00Z,0.0,False,card
ORD_00805,3287.25,2026-09-01T13:21:15Z,0.0,True,card
ORD_00806,5890.73,2026-09-01T13:21:30Z,0.0,True,card
ORD_00807,2711.36,2026-09-01T13:21:45Z,100.0,True,card
ORD_00808,4173.6,2026-09-01T13:22:00Z,0.0,False,card
ORD_00809,5662.56,2026-09-01T13:22:15Z,0.0,False,card
ORD_00810,1088.65,2026-09-01T13:22:30Z,0.0,False,card
ORD_00811,1079.45,2026-09-01T13:22:45Z,0.0,True,card
ORD_00812,4661.04,2026-09-01T13:23:00Z,300.0,False,card
ORD_00813,3603.09,2026-09-01T13:23:15Z,300.0,False,card
ORD_00814,7204.9,2026-09-01T13:23:30Z,0.0,False,card
ORD_00815,6649.75,2026-09-01T13:23:45Z,300.0,False,card
ORD_00816,1447.1,2026-09-01T13:24:00Z,0.0,True,card
ORD_00817,4186.38,2026-09-01T13:24:15Z,150.0,False,card
ORD_00818,4497.27,2026-09-01T13:24:30Z,0.0,False,card
ORD_00819,2101.17,2026-09-01T13:24:45Z,0.0,True,card
ORD_00820,5718.84,2026-09-01T13:25:00Z,0.0,True,card
ORD_00821,6185.46,2026-09-01T13:25:15Z,0.0,False,card
ORD_00822,7010.82,2026-09-01T13:25:30Z,0.0,False,card
ORD_00823,1321.87,2026-09-01T13:25:45Z,150.0,False,card
ORD_00824,7441.59,2026-09-01T13:26:00Z,0.0,False,card
ORD_00825,4870.05,2026-09-01T13:26:15Z,100.0,True,card
ORD_00826,3252.61,2026-09-01T13:26:30Z,100.0,True,card
ORD_00827,3239.55,2026-09-01T13:26:45Z,0.0,True,card
ORD_00828,3609.66,2026-09-01T13:27:00Z,0.0,False,card
ORD_00829,2562.3,2026-09-01T13:27:15Z,0.0,False,card
ORD_00830,1482.49,2026-09-01T13:27:30Z,0.0,True,card
ORD_00831,6414.69,2026-09-01T13:27:45Z,300.0,False,card
ORD_00832,1604.7,2026-09-01T13:28:00Z,0.0,True,card
ORD_00833,3582.44,2026-09-01T13:28:15Z,300.0,False,card
ORD_00834,6491.55,2026-09-01T13:28:30Z,0.0,True,card
ORD_00835,3577.92,2026-09-01T13:28:45Z,0.0,True,card
ORD_00836,6127.24,2026-09-01T13:29:00Z,0.0,True,card
ORD_00837,1044.65,2026-09-01T13:29:15Z,100.0,True,card
ORD_00838,2630.98,2026-09-01T13:29:30Z,150.0,False,card
ORD_00839,6877.02,2026-09-01T13:29:45Z,0.0,False,card
ORD_00840,1010.23,2026-09-01T13:30:00Z,100.0,True,card
ORD_00841,6090.51,2026-09-01T13:30:15Z,0.0,True,card
ORD_00842,4708.7,2026-09-01T13:30:30Z,0.0,True,card
ORD_00843,4444.2,2026-09-01T13:30:45Z,0.0,False,card
ORD_00844,5981.57,2026-09-01T13:31:00Z,0.0,True,card
ORD_00845,7448.92,2026-09-01T13:31:15Z,100.0,True,card
ORD_00846,7269.05,2026-09-01T13:31:30Z,0.0,True,card
ORD_00847,1594.32,2026-09-01T13:31:45Z,0.0,True,card
ORD_00848,1934.6,2026-09-01T13:32:00Z,100.0,True,card
ORD_00849,5143.27,2026-09-01T13:32:15Z,0.0,False,card
ORD_00850,5637.11,2026-09-01T13:32:30Z,0.0,False,card
ORD_00851,3041.73,2026-09-01T13:32:45Z,150.0,False,card
ORD_00852,5905.08,2026-09-01T13:33:00Z,150.0,False,card
ORD_00853,4169.3,2026-09-01T13:33:15Z,0.0,True,card
ORD_00854,7604.88,2026-09-01T13:33:30Z,0.0,False,card
ORD_00855,1762.81,2026-09-01T13:33:45Z,0.0,True,card
ORD_00856,4146.97,2026-09-01T13:34:00Z,150.0,False,card
ORD_00857,1845.16,2026-09-01T13:34:15Z,150.0,False,card
ORD_00858,4163.42,2026-09-01T13:34:30Z,0.0,True,card
ORD_00859,6967.38,2026-09-01T13:34:45Z,0.0,True,card
ORD_00860,6653.18,2026-09-01T13:35:00Z,300.0,False,card
ORD_00861,5878.15,2026-09-01T13:35:15Z,0.0,False,card
ORD_00862,6851.47,2026-09-01T13:35:30Z,150.0,False,card
ORD_00863,1638.49,2026-09-01T13:35:45Z,0.0,True,card
ORD_00864,3773.71,2026-09-01T13:36:00Z,0.0,False,card
ORD_00865,3091.88,2026-09-01T13:36:15Z,0.0,False,card
ORD_00866,7664.68,2026-09-01T13:36:30Z,0.0,True,card
ORD_00867,6236.55,2026-09-01T13:36:45Z,0.0,True,card
ORD_00868,4234.3,2026-09-01T13:37:00Z,0.0,False,card
ORD_00869,1083.7,2026-09-01T13:37:15Z,0.0,True,card
ORD_00870,2386.93,2026-09-01T13:37:30Z,100.0,True,card
ORD_00871,5804.0,2026-09-01T13:37:45Z,0.0,True,card
ORD_00872,5102.83,2026-09-01T13:38:00Z,0.0,True,card
ORD_00873,7980.13,2026-09-01T13:38:15Z,0.0,True,card
ORD_00874,4104.02,2026-09-01T13:38:30Z,0.0,False,card
ORD_00875,7335.55,2026-09-01T13:38:45Z,150.0,False,card
ORD_00876,1298.87,2026-09-01T13:39:00Z,0.0,True,card
ORD_00877,2175.92,2026-09-01T13:39:15Z,100.0,True,card
ORD_00878,3764.99,2026-09-01T13:39:30Z,0.0,False,card
ORD_00879,5782.49,2026-09-01T13:39:45Z,0.0,False,card
ORD_00880,2503.01,2026-09-01T13:40:00Z,0.0,False,card
ORD_00881,2958.98,2026-09-01T13:40:15Z,0.0,False,card
ORD_00882,5298.75,2026-09-01T13:40:30Z,0.0,True,card
ORD_00883,3065.74,2026-09-01T13:40:45Z,100.0,True,card
ORD_00884,4353.22,2026-09-01T13:41:00Z,0.0,True,card
ORD_00885,3681.11,2026-09-01T13:41:15Z,100.0,True,card
ORD_00886,5498.57,2026-09-01T13:41:30Z,0.0,True,card
ORD_00887,7958.61,2026-09-01T13:41:45Z,0.0,False,card
ORD_00888,6473.41,2026-09-01T13:42:00Z,150.0,False,card
ORD_00889,4811.62,2026-09-01T13:42:15Z,0.0,True,card
ORD_00890,7388.74,2026-09-01T13:42:30Z,150.0,False,card
ORD_00891,2893.05,2026-09-01T13:42:45Z,0.0,False,card
ORD_00892,5179.81,2026-09-01T13:43:00Z,0.0,False,card
ORD_00893,1410.14,2026-09-01T13:43:15Z,0.0,True,card
ORD_00894,3502.03,2026-09-01T13:43:30Z,0.0,True,card
ORD_00895,1700.94,2026-09-01T13:43:45Z,0.0,True,card
ORD_00896,4735.83,2026-09-01T13:44:00Z,0.0,False,card
ORD_00897,5029.84,2026-09-01T13:44:15Z,100.0,True,card
ORD_00898,7546.44,2026-09-01T13:44:30Z,0.0,False,card
ORD_00899,2655.86,2026-09-01T13:44:45Z,150.0,False,card
ORD_00900,5883.39,2026-09-01T13:45:00Z,0.0,False,card
ORD_00901,5903.93,2026-09-01T13:45:15Z,0.0,False,card
ORD_00902,7638.58,2026-09-01T13:45:30Z,0.0,True,card
ORD_00903,3163.37,2026-09-01T13:45:45Z,0.0,True,card
ORD_00904,1631.8,2026-09-01T13:46:00Z,0.0,True,card
ORD_00905,2531.66,2026-09-01T13:46:15Z,0.0,True,card
ORD_00906,3322.14,2026-09-01T13:46:30Z,0.0,True,card
ORD_00907,3385.31,2026-09-01T13:46:45Z,0.0,False,card
ORD_00908,1416.89,2026-09-01T13:47:00Z,0.0,False,card
ORD_00909,5932.87,2026-09-01T13:47:15Z,0.0,False,card
ORD_00910,6925.37,2026-09-01T13:47:30Z,150.0,False,card
ORD_00911,3615.14,2026-09-01T13:47:45Z,100.0,True,card
ORD_00912,1707.23,2026-09-01T13:48:00Z,300.0,False,card
ORD_00913,1955.16,2026-09-01T13:48:15Z,0.0,False,card
ORD_00914,7640.85,2026-09-01T13:48:30Z,0.0,True,card
ORD_00915,3220.98,2026-09-01T13:48:45Z,150.0,False,card
ORD_00916,5658.72,2026-09-01T13:49:00Z,0.0,False,card
ORD_00917,3147.76,2026-09-01T13:49:15Z,300.0,False,card
ORD_00918,2243.96,2026-09-01T13:49:30Z,0.0,False,card
ORD_00919,7640.89,2026-09-01T13:49:45Z,100.0,True,card
ORD_00920,1226.68,2026-09-01T13:50:00Z,150.0,False,card
ORD_00921,2546.27,2026-09-01T13:50:15Z,0.0,True,card
ORD_00922,1984.5,2026-09-01T13:50:30Z,0.0,True,card
ORD_00923,3427.67,2026-09-01T13:50:45Z,150.0,False,card
ORD_00924,5453.31,2026-09-01T13:51:00Z,0.0,True,card
ORD_00925,5690.17,2026-09-01T13:51:15Z,150.0,False,card
ORD_00926,1079.77,2026-09-01T13:51:30Z,0.0,True,card
ORD_00927,5852.23,2026-09-01T13:51:45Z,150.0,False,card
ORD_00928,6509.14,2026-09-01T13:52:00Z,0.0,False,card
ORD_00929,3701.56,2026-09-01T13:52:15Z,100.0,True,card
ORD_00930,7191.86,2026-09-01T13:52:30Z,0.0,True,card
ORD_00931,3458.62,2026-09-01T13:52:45Z,100.0,True,card
ORD_00932,6801.65,2026-09-01T13:53:00Z,0.0,True,card
ORD_00933,4159.01,2026-09-01T13:53:15Z,0.0,False,card
ORD_00934,1140.55,2026-09-01T13:53:30Z,300.0,False,card
ORD_00935,1519.4,2026-09-01T13:53:45Z,0.0,False,card
ORD_00936,2126.33,2026-09-01T13:54:00Z,0.0,True,card
ORD_00937,7592.84,2026-09-01T13:54:15Z,0.0,True,card
ORD_00938,5158.21,2026-09-01T13:54:30Z,0.0,True,card
ORD_00939,1216.95,2026-09-01T13:54:45Z,0.0,False,card
ORD_00940,7228.27,2026-09-01T13:55:00Z,0.0,False,card
ORD_00941,2810.06,2026-09-01T13:55:15Z,0.0,False,card
ORD_00942,7577.57,2026-09-01T13:55:30Z,0.0,False,card
ORD_00943,7284.78,2026-09-01T13:55:45Z,0.0,False,card
ORD_00944,5143.22,2026-09-01T13:56:00Z,0.0,False,card
ORD_00945,2436.04,2026-09-01T13:56:15Z,0.0,False,card
ORD_00946,8591.18,2026-09-01T13:56:30Z,0.0,False,card
ORD_00947,2775.9,2026-09-01T13:56:45Z,0.0,False,card
ORD_00948,9816.46,2026-09-01T13:57:00Z,0.0,False,card
ORD_00949,8279.01,2026-09-01T13:57:15Z,0.0,False,card
ORD_00950,2729.1,2026-09-01T13:57:30Z,0.0,False,card
ORD_00951,9083.94,2026-09-01T13:57:45Z,0.0,False,card
ORD_00952,4106.37,2026-09-01T13:58:00Z,0.0,False,card
ORD_00953,6513.97,2026-09-01T13:58:15Z,0.0,False,card
ORD_00954,2685.66,2026-09-01T13:58:30Z,0.0,False,card
ORD_00955,9765.64,2026-09-01T13:58:45Z,0.0,False,card
ORD_00956,8726.38,2026-09-01T13:59:00Z,0.0,False,card
ORD_00957,6581.71,2026-09-01T13:59:15Z,0.0,False,card
ORD_00958,5158.43,2026-09-01T13:59:30Z,0.0,False,card
ORD_00959,2962.25,2026-09-01T13:59:45Z,0.0,False,card
ORD_00960,9777.32,2026-09-01T14:00:00Z,0.0,False,card
ORD_00961,5387.0,2026-09-01T14:00:15Z,0.0,False,card
ORD_00962,9978.15,2026-09-01T14:00:30Z,0.0,False,card
ORD_00963,4558.0,2026-09-01T14:00:45Z,0.0,False,card
ORD_00964,5104.79,2026-09-01T14:01:00Z,0.0,False,card
ORD_00965,6157.51,2026-09-01T14:01:15Z,0.0,False,card
ORD_00966,2900.15,2026-09-01T14:01:30Z,0.0,False,card
ORD_00967,9399.43,2026-09-01T14:01:45Z,0.0,False,card
ORD_00968,8939.8,2026-09-01T14:02:00Z,0.0,False,card
ORD_00969,5064.35,2026-09-01T14:02:15Z,0.0,False,card
ORD_00970,2299.73,2026-09-01T14:02:30Z,0.0,False,card
ORD_00971,2310.26,2026-09-01T14:02:45Z,0.0,False,card
ORD_00972,2394.33,2026-09-01T14:03:00Z,0.0,False,card
ORD_00973,2161.86,2026-09-01T14:03:15Z,0.0,False,card
ORD_00974,4242.77,2026-09-01T14:03:30Z,0.0,False,card
ORD_00975,9779.97,2026-09-01T14:03:45Z,0.0,False,card
ORD_00976,8192.25,2026-09-01T14:04:00Z,0.0,False,card
ORD_00977,6839.83,2026-09-01T14:04:15Z,0.0,False,card
ORD_00978,9307.46,2026-09-01T14:04:30Z,0.0,False,card
ORD_00979,8568.14,2026-09-01T14:04:45Z,0.0,False,card
ORD_00980,4488.98,2026-09-01T14:05:00Z,0.0,False,card
ORD_00981,3389.9,2026-09-01T14:05:15Z,0.0,False,card
ORD_00982,3995.92,2026-09-01T14:05:30Z,0.0,False,card
ORD_00983,4191.82,2026-09-01T14:05:45Z,0.0,False,card
ORD_00984,7083.28,2026-09-01T14:06:00Z,0.0,False,card
ORD_00985,4979.73,2026-09-01T14:06:15Z,0.0,False,card
ORD_00986,6695.04,2026-09-01T14:06:30Z,0.0,False,card
ORD_00987,7991.69,2026-09-01T14:06:45Z,0.0,False,card
ORD_00988,5092.53,2026-09-01T14:07:00Z,0.0,False,card
ORD_00989,8856.89,2026-09-01T14:07:15Z,0.0,False,card
ORD_00990,4152.67,2026-09-01T14:07:30Z,0.0,False,card
ORD_00991,5792.78,2026-09-01T14:07:45Z,0.0,False,card
ORD_00992,3790.16,2026-09-01T14:08:00Z,0.0,False,card
ORD_00993,5390.45,2026-09-01T14:08:15Z,0.0,False,card
ORD_00994,4015.99,2026-09-01T14:08:30Z,0.0,False,card
ORD_00995,6675.9,2026-09-01T14:08:45Z,0.0,False,card
ORD_00996,6491.66,2026-09-01T14:09:00Z,0.0,False,card
ORD_00997,7475.31,2026-09-01T14:09:15Z,0.0,False,card
ORD_00998,7124.76,2026-09-01T14:09:30Z,0.0,False,card
ORD_00999,3506.88,2026-09-01T14:09:45Z,0.0,False,card
ORD_01000,8443.44,2026-09-01T14:10:00Z,0.0,False,card
