gateway_txn_id,order_id,settled_amount,settlement_timestamp,fee_deducted,currency
pay_det_001,ORD_1001,2450.0,2026-09-01T09:05:00Z,50.0,INR
pay_det_002,ORD_1002,2450.0,2026-09-01T09:10:00Z,50.0,INR
pay_det_003,ORD_1003,1470.0,2026-09-01T09:15:00Z,30.0,INR
pay_det_004,ORD_1004,2450.0,2026-09-01T09:20:00Z,50.0,INR
pay_det_005,ORD_1005,2450.0,2026-09-01T09:25:00Z,50.0,INR
pay_det_006,ORD_1006,4900.0,2026-09-01T09:30:00Z,100.0,INR
pay_det_007,ORD_1007,980.0,2026-09-01T09:35:00Z,20.0,INR
pay_det_008,ORD_1008,2450.0,2026-09-01T09:40:00Z,50.0,INR
pay_det_009,ORD_1009,980.0,2026-09-01T09:45:00Z,20.0,INR
pay_det_010,ORD_1010,1470.0,2026-09-01T09:50:00Z,30.0,INR
pay_det_011,ORD_1011,2450.0,2026-09-01T09:55:00Z,50.0,INR
pay_det_012,ORD_1012,980.0,2026-09-01T10:00:00Z,20.0,INR
pay_det_013,ORD_1013,1470.0,2026-09-01T10:05:00Z,30.0,INR
pay_det_014,ORD_1014,2450.0,2026-09-01T10:10:00Z,50.0,INR
pay_det_015,ORD_1015,980.0,2026-09-01T10:15:00Z,20.0,INR
pay_det_016,ORD_1016,980.0,2026-09-01T10:20:00Z,20.0,INR
pay_det_017,ORD_1017,980.0,2026-09-01T10:25:00Z,20.0,INR
pay_det_018,ORD_1018,2450.0,2026-09-01T10:30:00Z,50.0,INR
pay_det_019,ORD_1019,1470.0,2026-09-01T10:35:00Z,30.0,INR
pay_det_020,ORD_1020,490.0,2026-09-01T10:40:00Z,10.0,INR
pay_det_021,ORD_1021,2450.0,2026-09-01T10:45:00Z,50.0,INR
pay_det_022,ORD_1022,4900.0,2026-09-01T10:50:00Z,100.0,INR
pay_det_023,ORD_1023,980.0,2026-09-01T10:55:00Z,20.0,INR
pay_det_024,ORD_1024,4900.0,2026-09-01T11:00:00Z,100.0,INR
pay_det_025,ORD_1025,1470.0,2026-09-01T11:05:00Z,30.0,INR
pay_det_026,ORD_1026,1470.0,2026-09-01T11:10:00Z,30.0,INR
pay_det_027,ORD_1027,4900.0,2026-09-01T11:15:00Z,100.0,INR
pay_det_028,ORD_1028,980.0,2026-09-01T11:20:00Z,20.0,INR
pay_det_029,ORD_1029,980.0,2026-09-01T11:25:00Z,20.0,INR
pay_det_030,ORD_1030,980.0,2026-09-01T11:30:00Z,20.0,INR
pay_det_031,ORD_1031,490.0,2026-09-01T11:35:00Z,10.0,INR
pay_det_032,ORD_1032,980.0,2026-09-01T11:40:00Z,20.0,INR
pay_det_033,ORD_1033,490.0,2026-09-01T11:45:00Z,10.0,INR
pay_det_034,ORD_1034,1470.0,2026-09-01T11:50:00Z,30.0,INR
pay_det_035,ORD_1035,980.0,2026-09-01T11:55:00Z,20.0,INR
pay_det_036,ORD_1036,2450.0,2026-09-01T12:00:00Z,50.0,INR
pay_det_037,ORD_1037,1470.0,2026-09-01T12:05:00Z,30.0,INR
pay_det_038,ORD_1038,490.0,2026-09-01T12:10:00Z,10.0,INR
pay_det_039,ORD_1039,2450.0,2026-09-01T12:15:00Z,50.0,INR
pay_det_040,ORD_1040,2450.0,2026-09-01T12:20:00Z,50.0,INR
pay_det_041,,2450.0,2026-09-01T12:25:00Z,50.0,INR
pay_det_042,,1470.0,2026-09-01T12:30:00Z,30.0,INR
pay_det_043,,4900.0,2026-09-01T12:35:00Z,100.0,INR
pay_det_044,,980.0,2026-09-01T12:40:00Z,20.0,INR
pay_exp_001,ORD_1045,976.4,2026-09-01T14:05:00Z,20.0,INR
pay_exp_002,ORD_1046,1929.2,2026-09-01T14:10:00Z,40.0,INR
pay_exp_003,ORD_1047,1460.0,2026-09-01T14:15:00Z,30.0,INR
pay_exp_004,ORD_1048,780.0,2026-09-01T14:20:00Z,20.0,INR
pay_exp_005,ORD_1049,2895.0,2026-09-01T14:25:00Z,60.0,INR
pay_exp_006,ORD_1050,1021.68,2026-09-01T14:30:00Z,24.0,INR
pay_exp_007,ORD_1051,2301.5,2026-09-01T14:35:00Z,50.0,INR
pay_exp_008,ORD_1052,964.6,2026-09-01T14:40:00Z,20.0,INR
pay_unres_001,ORD_1053,1650.0,2026-09-01T17:05:00Z,40.0,INR
pay_unres_002,ORD_1054,4200.0,2026-09-01T17:10:00Z,100.0,INR
pay_unres_003,ORD_1055,980.0,2026-09-01T17:15:00Z,30.0,INR
